query,dietary_restriction,predicted,reasoning
I eat pretty clean most of the time,whole30,FAIL,"The recipe for Grilled Lemon Herb Chicken with Quinoa and Steamed Vegetables does not adhere to the Whole30 dietary restriction. Whole30 prohibits the consumption of grains, legumes, dairy, sugar, alcohol, and processed foods. The inclusion of quinoa, which is a grain, directly violates the Whole30 guidelines. Additionally, the recipe features chicken, which is acceptable for Whole30, but the primary issue lies with the quinoa. Therefore, the recipe fails to meet the Whole30 dietary restriction due to the presence of quinoa."
Something that feels indulgent but isn't terrible for me,diabetic-friendly,PASS,"The recipe for Baked Salmon with Lemon and Dill adheres to the diabetic-friendly dietary restriction. The primary ingredients include salmon, lemon, dill, olive oil, salt, and pepper, all of which are suitable for a diabetic-friendly diet. The optional sides of cherry tomatoes and green beans are also low in carbohydrates and have a low glycemic index, making them appropriate choices. The preparation method involves baking, which is a healthy cooking technique that does not introduce any high-sugar or high-carb elements. Overall, the recipe is balanced and does not include any ingredients that would violate the diabetic-friendly restriction."
I'm diabetic but I want to make a fruit cake for Christmas. My grandmother's recipe has tons of sugar and dried fruit but it's tradition and I can't just skip it this year. Is there any way to modify it so I can still participate in the family tradition without spiking my blood sugar?,diabetic-friendly,FAIL,"The recipe for Diabetic-Friendly Christmas Fruit Cake includes several ingredients that could potentially spike blood sugar levels, particularly the use of 1 cup of mixed dried fruit. Dried fruits are often high in natural sugars and can significantly impact blood sugar levels, which is a concern for someone who is diabetic. While the recipe attempts to balance this with fresh fruit, nuts, and low-calorie sweeteners like erythritol or stevia, the inclusion of dried fruit is a significant violation of the diabetic-friendly dietary restriction. Therefore, the recipe does not fully adhere to the requirements for a diabetic-friendly diet."
I'm mostly vegetarian but I eat fish sometimes,pescatarian,PASS,"The recipe for Lemon Herb Baked Salmon with Garlic Roasted Vegetables adheres to the pescatarian dietary restriction. It includes salmon fillets as the primary protein source, which is acceptable for a pescatarian diet that allows fish. The other ingredients, such as zucchini, bell peppers, red onion, garlic, lemon, olive oil, and herbs, are all plant-based and compliant with pescatarian guidelines. The preparation method involves baking, which is suitable and does not introduce any non-compliant elements. Therefore, the recipe is appropriate for someone following a pescatarian diet."
I eat pretty clean most of the time,whole30,FAIL,"The recipe for Lemon Herb Grilled Chicken Salad includes chicken breasts as a primary ingredient, which directly violates the Whole30 dietary restriction. Whole30 prohibits all forms of added sugar, alcohol, grains, legumes, dairy, and certain additives, but it also excludes any processed foods and encourages whole, unprocessed ingredients. While the other ingredients such as lemon, olive oil, garlic, and vegetables are compliant, the inclusion of chicken makes the recipe non-compliant with Whole30. Therefore, the recipe fails to adhere to the specified dietary restriction."
Keto breakfast that I can meal prep for the week,keto,PASS,"The recipe for Keto Breakfast Egg Muffins adheres to the keto dietary restriction. The primary ingredients include eggs, shredded cheddar cheese, cooked bacon bits or crumbled sausage, chopped spinach or kale, diced bell peppers, and heavy cream. All these ingredients are low in carbohydrates and high in protein and healthy fats, which are essential for a keto diet. The optional ingredients, such as bacon or sausage, and heavy cream, are also compliant with keto guidelines. The preparation method involves baking, which is appropriate for this type of recipe. There are no ingredients that violate the keto restriction, and the recipe is clear about the use of keto-friendly ingredients. Therefore, the recipe is suitable for someone following a keto diet."
Vegetarian meal that has enough protein for my bodybuilder boyfriend,vegetarian,PASS,"The recipe for the Chickpea and Quinoa Buddha Bowl adheres to the vegetarian dietary restriction. All ingredients listed, including quinoa, chickpeas, olive oil, spices, mixed vegetables, avocado, tahini or hummus, and lemon wedges, are suitable for a vegetarian diet as they do not contain any meat or fish. The preparation methods, which involve cooking quinoa, roasting chickpeas, and sautéing vegetables, are also compliant with vegetarian standards. There are no ingredients that violate the vegetarian restriction, and the recipe is clearly focused on plant-based ingredients. Therefore, the recipe is suitable for someone following a vegetarian diet."
Comfort food that won't make me feel guilty,vegetarian,PASS,"The recipe for Zucchini Noodle Primavera adheres to the vegetarian dietary restriction. All ingredients listed, including zucchinis, cherry tomatoes, bell pepper, broccoli, garlic, olive oil, lemon juice and zest, red pepper flakes, salt, black pepper, and optional Parmesan cheese, are suitable for a vegetarian diet as they do not contain any meat or fish. The preparation method involves sautéing and combining vegetables, which is compliant with vegetarian cooking practices. The optional inclusion of Parmesan cheese is acceptable for vegetarians, as it is a dairy product. Therefore, the recipe is suitable for someone following a vegetarian diet."
I'm dairy-free but pregnant and craving ice cream constantly,dairy-free,PASS,"The recipe for Dairy-Free Banana Coconut Ice Cream adheres to the dairy-free dietary restriction. The ingredients listed include ripe bananas, canned coconut milk, and vanilla extract, all of which are dairy-free. The optional toppings of shredded coconut, fresh fruit, and chopped nuts do not contain any dairy products either. The preparation method does not involve any dairy ingredients or cooking methods that would introduce dairy. Therefore, the recipe is suitable for someone following a dairy-free diet."
Raw vegan soup that's actually warm somehow?,raw vegan,FAIL,"The recipe for Creamy Spiced Carrot & Coconut Soup violates the raw vegan dietary restriction due to the cooking methods involved. Specifically, the recipe instructs to sauté the onion and garlic in a pot over medium heat, which exceeds the raw vegan limit of not cooking above 118°F (48°C). Additionally, the carrots are cooked in the pot for about 15 minutes until tender, which also contradicts the raw vegan principle of not cooking any ingredients. Therefore, the preparation methods do not comply with the raw vegan dietary restriction."
Comfort food that won't make me feel guilty,vegetarian,FAIL,"The recipe provided is for a Light Chicken and Vegetable Stir-Fry, which includes chicken breasts as a primary ingredient. The dietary restriction specified is vegetarian, which excludes all forms of meat, including chicken. Therefore, the inclusion of chicken in the recipe directly violates the vegetarian dietary restriction."
Keto breakfast that I can meal prep for the week,keto,PASS,"The recipe for Keto Breakfast Egg Muffins adheres to the keto dietary restriction. The primary ingredients include eggs, shredded cheddar cheese, cooked bacon or sausage (optional), bell peppers, spinach or kale, and seasonings. All these ingredients are low in carbohydrates and high in protein and healthy fats, which are essential for a keto diet. The preparation method involves baking, which is compliant with keto guidelines. There are no ingredients that violate the keto restriction, and the optional ingredients do not introduce any non-compliant elements. Therefore, the recipe is suitable for someone following a keto diet."
Keto meal that doesn't make me feel gross,keto,PASS,"The recipe for Garlic Butter Shrimp with Zucchini Noodles adheres to the keto dietary restriction. The primary ingredients include shrimp, zucchini, unsalted butter, garlic, smoked paprika, olive oil, and seasonings, all of which are low in carbohydrates and high in healthy fats, making them suitable for a keto diet. The preparation method involves cooking the shrimp and zucchini noodles in a way that maintains their low-carb status. There are no ingredients that would violate the keto restriction, such as high-carb vegetables, grains, or sugars. Therefore, the recipe is appropriate for someone following a keto diet."
I don't like vegetables but I want to eat healthy,vegetarian,FAIL,"The recipe provided is for 'Lemon Herb Garlic Chicken,' which includes chicken breasts as a primary ingredient. The dietary restriction specified is vegetarian, which excludes all forms of meat, including chicken. Therefore, the inclusion of chicken in the recipe directly violates the vegetarian dietary restriction."
Gluten-light recipe - I'm not celiac just sensitive,gluten-free,PASS,"The recipe for Chickpea & Spinach Stir-Fry adheres to the gluten-free dietary restriction. All ingredients listed, including chickpeas, spinach, onion, garlic, olive oil, cumin, smoked paprika, lemon juice, and optional parsley or cilantro, are naturally gluten-free. The preparation method does not introduce any gluten-containing elements. There are no ambiguous ingredients or substitutions that could violate the gluten-free status. Therefore, the recipe is suitable for someone following a gluten-free diet."
I avoid processed foods but I'm lazy,paleo,FAIL,"The recipe for Spaghetti Aglio e Olio does not adhere to the paleo dietary restriction. The primary ingredient, spaghetti, is made from wheat, which is a grain and not allowed on a paleo diet. Additionally, the optional grated Parmesan cheese is a dairy product, which is also not compliant with paleo guidelines. While the other ingredients such as garlic, olive oil, chili flakes, parsley, salt, and pepper are paleo-friendly, the inclusion of spaghetti and the option for cheese directly violates the paleo dietary restriction. Therefore, the recipe fails to meet the requirements."
Vegetarian pizza but I don't like mushrooms or bell peppers,vegetarian,PASS,"The recipe for Mediterranean Veggie Pizza adheres to the vegetarian dietary restriction. All ingredients listed, including pre-made pizza dough, tomato sauce, mozzarella cheese, red onion, black olives, cherry tomatoes, artichoke hearts, oregano, basil, olive oil, salt, and pepper, are suitable for a vegetarian diet as they do not contain any meat or fish. The preparation method involves baking, which is compliant with vegetarian cooking practices. Additionally, the recipe respects the user's request by omitting mushrooms and bell peppers. Therefore, the recipe is suitable for someone following a vegetarian diet."
I avoid processed foods but I'm lazy,paleo,FAIL,"The recipe for Garlic Spinach Omelette includes eggs, which are compliant with the paleo dietary restriction as they are a natural, unprocessed food. The other ingredients, such as fresh spinach, garlic, and olive oil, are also paleo-friendly. However, the recipe suggests an optional ingredient of shredded cheese, which is not compliant with the paleo diet as it excludes dairy products. The inclusion of this optional cheese creates a violation of the paleo dietary restriction. Therefore, the recipe does not fully adhere to the specified dietary restriction."
Something not too carb-y for dinner,low-carb,PASS,"The recipe for Garlic Herb Shrimp Stir-Fry adheres to the low-carb dietary restriction. The ingredients listed include shrimp, olive oil, garlic, zucchini, bell pepper, broccoli, soy sauce or coconut aminos, sesame oil, salt, and pepper. All these ingredients are low in carbohydrates, making them suitable for a low-carb diet. The preparation method involves stir-frying, which does not introduce any high-carb elements. Additionally, the recipe does not include any grains, legumes, or starchy vegetables that would typically violate a low-carb restriction. Therefore, the recipe is appropriate for someone following a low-carb diet."
I'm trying to eat clean but I want pizza,whole30,FAIL,"The recipe for Veggie Whole Wheat Flatbread Pizza does not adhere to the Whole30 dietary restriction. Whole30 prohibits grains, legumes, dairy, refined sugar, and processed foods. The use of whole wheat flatbread or tortilla is a direct violation, as it contains grains. Additionally, the inclusion of part-skim mozzarella cheese violates the dairy restriction of Whole30. Therefore, the recipe fails to meet the Whole30 guidelines due to these non-compliant ingredients."
I'm on a sugar-free diet but I want to make candy,sugar-free,PASS,"The recipe for Sugar-Free Coconut Bites adheres to the sugar-free dietary restriction. All ingredients listed, including unsweetened shredded coconut, coconut oil, vanilla extract, erythritol (a sugar substitute), unsweetened almond milk, and salt, do not contain any added sugars. The use of erythritol is appropriate as it is a common sugar substitute that does not raise blood sugar levels. The preparation method does not introduce any sugar-containing elements. Therefore, the recipe is suitable for someone following a sugar-free diet."
I'm pescatarian but shellfish makes me sick,pescatarian,PASS,"The recipe for Mediterranean Chickpea and Tomato Salad adheres to the pescatarian dietary restriction. All ingredients listed, including chickpeas, tomatoes, red onion, cucumber, parsley, feta cheese (optional), olive oil, red wine vinegar, oregano, salt, and pepper, are suitable for a pescatarian diet as they do not contain any meat or fish. The preparation method does not involve any cooking that would introduce non-pescatarian elements. Additionally, the recipe does not include shellfish, which the user specified makes them sick. Therefore, the recipe is appropriate for someone following a pescatarian diet."
I'm on a sugar-free diet but I want to make candy,sugar-free,PASS,"The recipe for Chocolate Coconut Bites adheres to the sugar-free dietary restriction. The ingredients listed include unsweetened shredded coconut, coconut oil, erythritol or monk fruit sweetener, vanilla extract, salt, and unsweetened cocoa powder. Erythritol and monk fruit sweetener are both sugar substitutes that do not contain sugar, making them suitable for a sugar-free diet. The preparation method does not introduce any added sugars or high-sugar ingredients. Therefore, the recipe is compliant with the sugar-free dietary restriction."
Halal BBQ recipe for summer,halal,PASS,"The recipe for Halal BBQ Chicken Skewers adheres to the halal dietary restriction. All ingredients listed, including boneless, skinless chicken breasts, olive oil, spices (smoked paprika, ground cumin, garlic powder, onion powder, ground coriander, black pepper, and salt), and lemon juice, are halal-compliant. The preparation method involves marinating and grilling the chicken, which is acceptable under halal guidelines as long as the chicken is sourced from a halal-certified supplier. There are no ingredients or methods that violate halal dietary laws. Therefore, the recipe is suitable for someone following a halal diet."
Vegetarian meal that has enough protein for my bodybuilder boyfriend,vegetarian,PASS,"The recipe for the Chickpea and Quinoa Buddha Bowl adheres to the vegetarian dietary restriction. All ingredients listed, including quinoa, chickpeas, olive oil, spices, sweet potatoes, cucumbers, cherry tomatoes, and tahini, are suitable for a vegetarian diet as they do not contain any meat or fish. The optional feta cheese is also acceptable for vegetarians, as it is a dairy product. The preparation methods, which include cooking, roasting, and assembling, do not introduce any non-vegetarian elements. Therefore, the recipe is suitable for someone following a vegetarian diet."
Gluten-free pizza dough that actually tastes good and isn't cardboard,gluten-free,PASS,"The recipe for gluten-free pizza dough adheres to the gluten-free dietary restriction. The primary ingredient, gluten-free all-purpose flour, is specified to be gluten-free, and the inclusion of xanthan gum is appropriate for gluten-free baking. The other ingredients, such as baking powder, salt, olive oil, warm water, honey or sugar, and apple cider vinegar, are all gluten-free. The preparation method does not introduce any gluten-containing elements, and there are no ambiguous ingredients that could potentially contain gluten. Therefore, the recipe is suitable for someone following a gluten-free diet."
I'm dairy-free but pregnant and craving ice cream constantly,dairy-free,PASS,"The recipe for Dairy-Free Banana 'Ice Cream' adheres to the dairy-free dietary restriction. The ingredients listed include only ripe bananas, vanilla extract, cinnamon, and optional toppings such as fresh berries, chopped nuts, and shredded coconut. None of these ingredients contain dairy products, making the recipe suitable for someone following a dairy-free diet. The preparation method involves freezing and blending the bananas, which does not introduce any dairy elements. Therefore, the recipe is compliant with the dairy-free restriction."
I'm mostly vegetarian but I eat fish sometimes,pescatarian,PASS,"The recipe for Lemon Herb Grilled Salmon with Roasted Vegetables adheres to the pescatarian dietary restriction. All ingredients listed, including salmon, olive oil, garlic, thyme or dill, cherry tomatoes, zucchini, bell pepper, red onion, and optional parsley or basil, are compliant with a pescatarian diet, which allows for fish and seafood while excluding meat. The preparation methods, including marinating, roasting, and grilling, do not introduce any non-compliant elements. Therefore, the recipe is suitable for someone following a pescatarian diet."
I'm dairy-free but pregnant and craving ice cream constantly,dairy-free,PASS,"The recipe for Banana Coconut Ice Cream adheres to the dairy-free dietary restriction. All ingredients listed, including ripe bananas, coconut milk, vanilla extract, honey or maple syrup, and shredded unsweetened coconut, are free from dairy products. The preparation method does not involve any dairy, and the recipe is designed to create a creamy texture without the use of any dairy ingredients. Therefore, the recipe is suitable for someone following a dairy-free diet."
Low-ish carb dinner that my kids will eat,low-carb,FAIL,"The recipe for Creamy Chicken and Broccoli Stir-Fry includes several ingredients that are generally low in carbohydrates, such as chicken, broccoli, olive oil, garlic, and heavy cream. However, the inclusion of shredded mozzarella or cheddar cheese can contribute to the overall carbohydrate content, although it is relatively low. The recipe does not specify the exact carbohydrate content, which makes it difficult to assess if it strictly adheres to a low-carb diet. Additionally, the optional suggestion of serving with cauliflower rice is appropriate as it is low in carbs. Overall, while the main ingredients are low in carbs, the ambiguity regarding the total carbohydrate content and the inclusion of cheese could potentially lead to a higher carb count than desired for a strict low-carb diet. Therefore, due to the lack of clarity and potential for higher carb content, the recipe does not fully adhere to the low-carb dietary restriction."
I avoid processed foods but I'm lazy,paleo,PASS,"The recipe for Garlic Lemon Roasted Chicken Thighs includes chicken thighs as the main ingredient, which is compliant with the paleo dietary restriction as it allows for meat. The other ingredients, such as garlic, lemon, olive oil, salt, black pepper, and optional herbs, are also compliant with the paleo diet as they are whole, unprocessed foods. The preparation method involves roasting, which is a suitable cooking method for paleo. There are no processed foods included in the recipe, and it adheres to the principles of the paleo diet. Therefore, the recipe is suitable for someone following a paleo diet."
I'm vegan and gluten-free and also hate vegetables. What can I eat?,vegan,FAIL,"The recipe for Creamy Chickpea & Cauliflower Coconut Curry includes chickpeas and cauliflower, both of which are vegan ingredients. However, the inclusion of cauliflower, which is a vegetable, contradicts the user's expressed dislike for vegetables. While the recipe adheres to the vegan dietary restriction, it does not fully respect the user's preference to avoid vegetables. Therefore, it fails to meet the user's specific request for a vegan dish that does not include vegetables, leading to ambiguity in adherence to the dietary restriction."
I eat pretty clean most of the time,whole30,FAIL,"The recipe for Lemon Herb Grilled Chicken Salad includes several ingredients that violate the Whole30 dietary restriction. Specifically, the use of balsamic vinegar is not compliant with Whole30 guidelines, as it often contains added sugars and is considered a processed food. Additionally, the recipe includes chicken breasts, which is acceptable for Whole30, but the presence of the balsamic vinegar alone is enough to cause a failure. Therefore, the recipe does not fully adhere to the Whole30 dietary restriction."
Keto meal that doesn't make me feel gross,keto,PASS,"The recipe for Garlic Butter Shrimp with Zucchini Noodles adheres to the keto dietary restriction. The primary ingredients include shrimp, zucchini, unsalted butter, garlic, smoked paprika, olive oil, lemon juice, and parsley, all of which are low in carbohydrates and high in healthy fats, making them suitable for a keto diet. The preparation method involves sautéing the shrimp and zucchini noodles in butter and olive oil, which aligns with keto cooking methods. There are no ingredients that violate the keto guidelines, such as high-carb foods or sugars. Therefore, the recipe is appropriate for someone following a keto diet."
Keto meal that doesn't make me feel gross,keto,PASS,"The recipe for Garlic Butter Shrimp with Zucchini Noodles adheres to the keto dietary restriction. The primary ingredients include shrimp, zucchini, garlic, butter, and olive oil, all of which are low in carbohydrates and high in healthy fats, making them suitable for a keto diet. The preparation method involves cooking the shrimp and zucchini noodles in a way that maintains their low carb content. The optional addition of grated Parmesan cheese is also acceptable for a keto diet, as it is low in carbs. There are no ingredients that violate the keto restriction, and the recipe does not include any high-carb foods. Therefore, the recipe is compliant with the keto dietary restriction."
Kosher dessert for Passover,kosher,PASS,"The recipe for Coconut Macaroons adheres to the kosher dietary restriction. The ingredients listed—sweetened shredded coconut, egg whites, granulated sugar, vanilla extract, and salt—are all kosher-friendly. The optional mini chocolate chips are noted to require Passover certification, which is appropriate for ensuring compliance with kosher laws during Passover. The preparation method does not introduce any non-kosher elements, and the recipe is suitable for a Passover dessert. Therefore, the recipe is compliant with the kosher dietary restriction."
Paleo lunch that doesn't involve any nuts. but i can eat almonds - I'm allergic,paleo,FAIL,"The recipe for Paleo Chicken Lettuce Wraps includes sliced almonds as an optional ingredient. Since the user specified they are allergic to nuts, including almonds—even as an optional ingredient—violates the paleo dietary restriction, which excludes all nuts. Additionally, the recipe does not clarify that the almonds should be omitted for those with nut allergies, leading to ambiguity. Therefore, the recipe does not fully adhere to the paleo dietary restriction."
Diabetic-friendly dessert that doesn't use artificial sweeteners,diabetic-friendly,FAIL,"The recipe for Baked Cinnamon Apples includes honey or pure maple syrup as optional ingredients for sweetness. Both honey and maple syrup are natural sweeteners that contain sugars, which can raise blood sugar levels and may not be suitable for a diabetic-friendly diet. While the recipe emphasizes that it does not use artificial sweeteners, the inclusion of these natural sweeteners violates the diabetic-friendly dietary restriction. Therefore, the recipe does not fully adhere to the specified dietary restriction."
Gluten-free pizza dough that actually tastes good and isn't cardboard,gluten-free,PASS,"The recipe for Gluten-Free Pizza Dough adheres to the gluten-free dietary restriction. The primary ingredient, gluten-free all-purpose flour, is specified to be gluten-free, and the inclusion of xanthan gum is a common practice to mimic the elasticity of gluten. The recipe does not include any wheat, barley, rye, or other gluten-containing grains. All other ingredients, such as baking powder, salt, sugar, olive oil, warm water, and apple cider vinegar, are naturally gluten-free. The preparation method does not introduce any gluten-containing elements. Therefore, the recipe is suitable for someone following a gluten-free diet."
Low-carb pasta substitute that my Italian grandmother won't disown me for,low-carb,PASS,"The recipe for Zucchini Noodles with Garlic and Cherry Tomatoes adheres to the low-carb dietary restriction. The primary ingredient, zucchini, is very low in carbohydrates, making it an excellent substitute for traditional pasta. The other ingredients, including cherry tomatoes, garlic, olive oil, red pepper flakes, salt, and pepper, are also low in carbs. The optional addition of freshly grated Parmesan cheese is a common low-carb ingredient, but it is not necessary for the dish and does not violate the low-carb restriction. The preparation method does not introduce any high-carb elements. Therefore, the recipe is suitable for someone following a low-carb diet."
Whole30 compliant dinner that my non-Whole30 husband will actually eat,whole30,FAIL,"The recipe for Garlic Herb Honey-Glazed Salmon with Roasted Vegetables does not adhere to the Whole30 dietary restriction due to the inclusion of honey. While honey is a natural sweetener, it is not compliant with the Whole30 program, which prohibits all forms of added sugar, including honey, during the 30-day elimination phase. Additionally, the recipe includes salmon, which is an animal product, but this is acceptable within the Whole30 framework. However, the primary violation is the use of honey, which directly contradicts Whole30 guidelines. Therefore, the recipe fails to meet the Whole30 compliance."
I'm dairy-free but pregnant and craving ice cream constantly,dairy-free,PASS,"The recipe for Dairy-Free Banana Coconut Soft Serve adheres to the dairy-free dietary restriction. All ingredients listed, including ripe bananas, canned coconut milk, vanilla extract, and optional honey or maple syrup, are free from dairy products. The preparation method does not involve any dairy, and the recipe is designed to provide a creamy texture without using any animal-derived ingredients. Therefore, the recipe is suitable for someone following a dairy-free diet."
Low-carb pizza recipe - I miss pizza so much,low-carb,PASS,"The recipe for Low-Carb Cauliflower Crust Pizza adheres to the low-carb dietary restriction. The primary ingredient, cauliflower, is low in carbohydrates and serves as a suitable base for the crust. The inclusion of egg and cheeses (mozzarella and Parmesan) also contributes to a low-carb profile. The seasonings and marinara sauce specified are appropriate as long as the marinara is low-sugar, which is mentioned. The suggested toppings, such as sliced pepperoni, bell peppers, mushrooms, and olives, can all be low-carb, depending on the specific choices made. The preparation method does not introduce any high-carb ingredients. Therefore, the recipe is suitable for someone following a low-carb diet."
I'm on keto but I'm craving something sweet. Help?,keto,PASS,"The recipe for Chocolate Coconut Fat Bombs adheres to the keto dietary restriction. All ingredients listed are low in carbohydrates and high in healthy fats, which is suitable for a keto diet. The unsweetened shredded coconut, coconut oil, unsweetened cocoa powder, almond butter (or peanut butter), erythritol or stevia, vanilla extract, and salt are all compliant with keto guidelines. The preparation method does not introduce any high-carb ingredients or cooking methods that would violate the keto diet. Therefore, the recipe is appropriate for someone following a keto diet."
I'm vegan but I really want to make something with honey - is there a good substitute? i am craving a yogurt breakfast,vegan,PASS,"The recipe for Vegan Coconut Chia Pudding with Maple-Sweetened Fruit adheres to the vegan dietary restriction. All ingredients listed, including canned coconut milk, chia seeds, pure maple syrup, vanilla extract, mixed berries, lemon juice, and optional mint leaves, granola, or nuts, are plant-based and do not contain any animal products. The preparation method does not involve any animal-derived ingredients or cooking techniques that would violate vegan principles. The recipe also appropriately substitutes honey with maple syrup, which is suitable for a vegan diet. Therefore, the recipe is compliant with the vegan dietary restriction."
I'm vegan and gluten-free and also hate vegetables. What can I eat?,vegan,PASS,"The recipe for Chickpea and Coconut Curry adheres to the vegan dietary restriction. All ingredients listed, including chickpeas, coconut milk, olive oil, garlic, ginger, and spices, are plant-based and do not contain any animal products. The preparation method does not involve any animal-derived ingredients or cooking methods that would violate vegan principles. Additionally, the recipe does not include any vegetables, aligning with the user's stated dislike for them. Therefore, the recipe is suitable for someone following a vegan diet."
I eat pretty clean most of the time,whole30,FAIL,"The recipe for Lemon Herb Grilled Chicken with Quinoa and Roasted Vegetables does not adhere to the Whole30 dietary restriction. Whole30 prohibits grains, legumes, dairy, sugar, alcohol, and processed foods. The inclusion of quinoa, which is a grain, directly violates the Whole30 guidelines. Additionally, the recipe includes chicken, which is acceptable for Whole30, but the primary violation is the use of quinoa. Therefore, the recipe fails to meet the Whole30 dietary restriction."
Halal BBQ recipe for summer,halal,PASS,"The recipe for Halal BBQ Chicken Kebabs adheres to the halal dietary restriction. The primary ingredient, chicken, is specified to be boneless and skinless, which is acceptable as long as it is sourced from a halal-certified supplier. The other ingredients, including red and yellow bell peppers, onion, olive oil, lemon juice, garlic, and spices (cumin, paprika, turmeric, ground coriander, salt, and black pepper), are all halal-compliant. The preparation method involves marinating and grilling, which does not introduce any non-halal elements. Therefore, the recipe is suitable for someone following a halal diet."
Vegetarian protein that isn't beans - I hate beans,vegetarian,PASS,"The recipe for Stuffed Bell Peppers with Quinoa and Vegetables adheres to the vegetarian dietary restriction. All ingredients listed, including bell peppers, quinoa, zucchini, carrot, corn, feta cheese (optional), olive oil, garlic, cumin, paprika, salt, and pepper, are suitable for a vegetarian diet as they do not contain any meat or fish. The preparation method involves baking and sautéing, which are compliant with vegetarian cooking practices. There are no ingredients that violate the vegetarian restriction, and the recipe specifically avoids beans, which aligns with the user's request. Therefore, the recipe is suitable for someone following a vegetarian diet."
Halal pasta recipe - is that even a thing?,halal,PASS,"The recipe for Creamy Chicken and Spinach Pasta adheres to the halal dietary restriction. The ingredients specified include halal chicken breasts, which comply with halal guidelines, and the recipe suggests using heavy cream or a halal substitute like coconut cream or lactose-free cream, which is appropriate. The other ingredients, such as pasta, spinach, garlic, onion, olive oil, oregano, salt, and pepper, do not violate halal dietary laws. The preparation method does not introduce any non-halal elements. Therefore, the recipe is suitable for someone following a halal diet."
Halal pasta recipe - is that even a thing?,halal,FAIL,"The recipe for Halal Chicken Mushroom Alfredo Pasta includes chicken breasts as a primary ingredient, which is acceptable under halal dietary laws as long as the chicken is sourced from a halal-certified supplier. However, the recipe does not specify whether the chicken is halal, which introduces ambiguity. Additionally, the use of heavy cream or full-fat milk is permissible in halal diets, but again, the source of these dairy products is not clarified. The recipe does not include any prohibited ingredients such as pork or alcohol, and the preparation methods do not violate halal guidelines. However, due to the lack of explicit confirmation regarding the halal status of the chicken and dairy, the recipe cannot be deemed fully compliant. Therefore, it is marked as a FAIL due to this ambiguity."
I want something light but filling,low-carb,FAIL,"The recipe for Lemon Herb Grilled Chicken Salad includes several ingredients that may not comply with a low-carb dietary restriction. Specifically, the inclusion of cherry tomatoes and red onion can contribute to higher carbohydrate content. While the recipe does not specify the exact amounts of these ingredients, cherry tomatoes and red onions are generally considered higher in carbohydrates compared to other salad ingredients. Additionally, the vinaigrette dressing may contain added sugars or higher carb content, which is not specified in the recipe. Therefore, without clear information on the carb content of the ingredients, the recipe cannot be deemed compliant with a low-carb dietary restriction."
Whole30 compliant dinner that my non-Whole30 husband will actually eat,whole30,FAIL,"The recipe for Garlic Herb Chicken Thighs with Roasted Vegetables includes bone-in, skin-on chicken thighs, which are a meat product. The Whole30 dietary restriction prohibits all forms of sugar, grains, legumes, dairy, and processed foods, but it also excludes any non-compliant ingredients. However, the most significant violation here is the inclusion of chicken, which is not compliant with a Whole30 diet as it is not a plant-based option. Therefore, the recipe does not adhere to the Whole30 dietary restriction."
I avoid processed foods but I'm lazy,paleo,FAIL,"The recipe for Garlic Spinach Pasta does not adhere to the paleo dietary restriction. The primary violation is the use of spaghetti or any pasta, which is made from grains and is not allowed on a paleo diet. Additionally, the optional ingredient of grated Parmesan cheese is a dairy product, which is also not compliant with paleo guidelines. The preparation methods themselves do not introduce any non-paleo elements, but the inclusion of pasta and cheese directly violates the dietary restriction. Therefore, the recipe fails to meet the paleo criteria."
I'm flexitarian leaning vegan,vegan,PASS,"The recipe for Chickpea and Spinach Coconut Curry adheres to the vegan dietary restriction. All ingredients listed, including chickpeas, spinach, onion, garlic, ginger, coconut milk, olive oil, and spices, are plant-based and do not contain any animal products. The preparation methods described do not involve any animal-derived ingredients or cooking methods that would violate vegan principles. Therefore, the recipe is suitable for someone following a vegan diet."
Paleo spaghetti and meatballs,paleo,PASS,"The recipe for Paleo Spaghetti and Meatballs adheres to the paleo dietary restriction. The ingredients listed include ground beef, onion, garlic, zucchini, tomato (or canned crushed tomatoes without added sugars), olive oil, and herbs, all of which are compliant with paleo guidelines. There are no grains, legumes, dairy, refined sugars, or processed foods included in the recipe. The preparation methods, such as sautéing and simmering, are also appropriate for a paleo diet. Therefore, the recipe is suitable for someone following a paleo diet."
Nut-free lunch that's safe for my kid's school,nut-free,PASS,"The recipe for Turkey and Veggie Wraps adheres to the nut-free dietary restriction. The ingredients listed include whole wheat or corn tortillas, cooked turkey breast, cucumber, carrot, yellow bell pepper, romaine lettuce or spinach, cream cheese or hummus (with a note to check for nut-free options), and optional black olives. All these ingredients are suitable for a nut-free diet, as they do not contain any nuts or nut-derived products. The preparation method does not introduce any nut-containing elements, and the recipe explicitly advises checking for nut-free options for the cream cheese or hummus, which is appropriate. Therefore, the recipe is suitable for someone following a nut-free diet."
Low-carb dinner that doesn't require any cooking skills,low-carb,PASS,"The recipe for Tuna Salad Lettuce Wraps adheres to the low-carb dietary restriction. The primary ingredients include tuna, mayonnaise, red onion, celery, lemon juice, and lettuce leaves, all of which are low in carbohydrates. The optional ingredients, such as sliced pickles and avocado, are also low-carb. There are no high-carb ingredients like grains, legumes, or starchy vegetables included in the recipe. The preparation method does not involve any cooking, which aligns with the user's request for a meal that doesn't require cooking skills. Therefore, the recipe is suitable for someone following a low-carb diet."
Vegetarian meal that has enough protein for my bodybuilder boyfriend,vegetarian,PASS,"The recipe for Vegetarian Chickpea & Quinoa Stuffed Bell Peppers adheres to the vegetarian dietary restriction. All ingredients listed, including bell peppers, quinoa, chickpeas, shredded cheese, red onion, garlic, olive oil, cumin, smoked paprika, salt, and pepper, are suitable for a vegetarian diet as they do not contain any meat or fish. The preparation method involves baking and cooking, which are compliant with vegetarian practices. There are no ingredients that violate the vegetarian restriction, and the recipe is explicitly designed to be vegetarian. Therefore, the recipe is suitable for someone following a vegetarian diet."
Healthy dessert that doesn't taste healthy,sugar-free,FAIL,"The recipe for Chocolate Avocado Mousse includes honey or maple syrup as a sweetener, both of which contain sugar. Since the dietary restriction specified is sugar-free, the inclusion of these sweeteners violates this restriction. Therefore, the recipe does not adhere to the sugar-free requirement."
Something keto-ish but not super strict,keto,PASS,"The recipe for Keto-Friendly Garlic Butter Shrimp adheres to the keto dietary restriction. The ingredients listed include shrimp, unsalted butter, garlic, smoked paprika, crushed red pepper flakes, lemon juice, and parsley, all of which are low in carbohydrates and high in fat, making them suitable for a keto diet. The preparation method involves cooking the shrimp in butter, which is also compliant with keto guidelines. The suggestion to serve the shrimp over cauliflower rice or steamed greens is appropriate, as both options are low in carbohydrates. There are no ingredients that violate the keto restriction, and the recipe does not include any high-carb elements. Therefore, the recipe is suitable for someone following a keto diet."
Low-carb pasta substitute that my Italian grandmother won't disown me for,low-carb,PASS,"The recipe for Zucchini Noodles (Zoodles) Primavera adheres to the low-carb dietary restriction. The primary ingredient, zucchini, is a low-carb vegetable that serves as a substitute for traditional pasta. The other ingredients, including olive oil, garlic, cherry tomatoes, salt, black pepper, and fresh basil, are also low in carbohydrates. However, the inclusion of grated Parmesan cheese is a concern, as cheese can contain some carbohydrates, though it is generally low. The recipe does not specify the amount of carbohydrates in the Parmesan, but it is typically considered acceptable in moderation for a low-carb diet. Overall, the recipe focuses on low-carb ingredients and preparation methods, making it suitable for someone following a low-carb diet."
I want something light but filling,low-carb,FAIL,"The recipe for Grilled Chicken and Vegetable Quinoa Salad includes quinoa as a primary ingredient. Quinoa is a grain that is relatively high in carbohydrates, which does not align with a low-carb dietary restriction. The inclusion of chicken is compliant with low-carb guidelines, but the presence of quinoa makes the overall dish unsuitable for someone following a low-carb diet. Therefore, the recipe fails to meet the specified dietary restriction."
I want a cheeseburger but I'm dairy-free and vegetarian. I know this sounds impossible but I'm really craving the taste and texture of a classic American cheeseburger and I haven't had one in 3 years since I went vegetarian and developed lactose intolerance,vegetarian,PASS,"The recipe for the Dairy-Free Vegetarian 'Cheeseburger' adheres to the vegetarian dietary restriction. All ingredients listed are plant-based and do not include any meat or fish. The use of black beans, quinoa, and various vegetables for the patties is suitable for a vegetarian diet. The 'cheese' made from cashews is also dairy-free, which aligns with the user's dietary needs. The preparation methods, including cooking the patties in olive oil and assembling the burger with various toppings, do not introduce any non-vegetarian elements. Therefore, the recipe is compliant with the vegetarian dietary restriction."
Something keto-ish but not super strict,keto,PASS,"The recipe for Zucchini Noodles with Garlic Parmesan Sauce adheres to the keto dietary restriction. The primary ingredients include zucchinis, garlic, olive oil, and Parmesan cheese, all of which are low in carbohydrates and suitable for a keto diet. The preparation method involves cooking the zoodles in olive oil and adding garlic and Parmesan, which does not introduce any high-carb ingredients. The optional lemon juice and parsley do not affect the carb count significantly. Overall, the recipe maintains a low carbohydrate profile, making it compliant with keto guidelines."
Vegan protein smoothie that doesn't taste chalky,vegan,PASS,"The recipe for the Creamy Banana Almond Vegan Protein Smoothie adheres to the vegan dietary restriction. All ingredients listed, including bananas, almond butter, unsweetened almond milk, vegan protein powder, chia seeds, maple syrup, and vanilla extract, are plant-based and do not contain any animal products. The preparation method involves blending the ingredients together, which is compliant with vegan practices. There are no hidden animal-derived ingredients or ambiguous elements in the recipe. Therefore, the recipe is suitable for someone following a vegan diet."
Gluten-free birthday cake for my 5-year-old who has celiac but all her friends will be eating regular cake and I don't want her to feel left out,gluten-free,PASS,"The recipe for Gluten-Free Vanilla Birthday Cake adheres to the gluten-free dietary restriction. The primary ingredient, gluten-free all-purpose flour blend, is specified to be gluten-free, and the recipe includes a note to ensure it contains xanthan gum, which is appropriate for gluten-free baking. All other ingredients, such as sugar, baking powder (noted as gluten-free), baking soda, salt, vegetable oil, eggs, and vanilla extract, are naturally gluten-free. The frosting ingredients, including unsalted butter (or dairy-free margarine), powdered sugar, and milk (or dairy-free milk), also comply with the gluten-free requirement. The optional food coloring and sprinkles are advised to be checked for gluten-free status, which is a responsible approach. The preparation method does not introduce any gluten-containing elements. Therefore, the recipe is suitable for someone with celiac disease."
Whole30 compliant dinner that my non-Whole30 husband will actually eat,whole30,PASS,"The recipe for Garlic Lemon Chicken with Roasted Vegetables includes chicken breasts as a primary ingredient. The Whole30 dietary restriction prohibits all forms of added sugar, grains, legumes, dairy, and certain processed foods, but it does allow for meat, including chicken. Therefore, the inclusion of chicken does not violate the Whole30 guidelines. All other ingredients, such as olive oil, garlic, lemon, zucchini, bell pepper, and red onion, are compliant with Whole30. The preparation method involves marinating and roasting, which are acceptable cooking methods for Whole30. Thus, the recipe adheres to the Whole30 dietary restriction."
Gluten-light recipe - I'm not celiac just sensitive,gluten-free,FAIL,"The recipe for Lemon Herb Chicken with Roasted Vegetables includes chicken breasts as a primary ingredient, which violates the gluten-free dietary restriction. While the recipe is labeled as 'gluten-light,' it does not explicitly ensure that all ingredients are gluten-free. The term 'gluten-light' suggests that it may not be fully gluten-free, and without verification of the ingredients, particularly any sauces or seasonings that may contain gluten, it cannot be considered compliant with a strict gluten-free diet. Therefore, the recipe fails to adhere to the gluten-free dietary restriction."
Raw vegan soup that's actually warm somehow?,raw vegan,PASS,"The recipe for Warm Spiced Carrot and Ginger Soup adheres to the raw vegan dietary restriction. All ingredients listed, including carrots, apple, ginger, onion, raw vegetable broth, olive oil or coconut oil, and spices, are compliant with a raw vegan diet as they do not contain any animal products and are not cooked above the specified temperature of 110°F (43°C). The preparation method involves gently warming the broth and using a warm water bath to maintain the soup's raw qualities, which is appropriate for a raw vegan diet. There are no violations of the dietary restriction in terms of ingredients or preparation methods. Therefore, the recipe is suitable for someone following a raw vegan diet."
Paleo breakfast that I can eat in the car on my commute,paleo,PASS,"The recipe for Savory Egg Muffin Frittata adheres to the paleo dietary restriction. All ingredients listed, including eggs, bell peppers, spinach or kale, onion, bacon or sausage (optional), coconut oil or ghee, salt, and pepper, are compliant with paleo guidelines. The preparation method involves baking, which is acceptable within the paleo diet. There are no grains, legumes, dairy, refined sugars, or processed foods included in the recipe. Therefore, the recipe is suitable for someone following a paleo diet."
I'm flexitarian leaning vegan,vegan,PASS,"The recipe for Chickpea Spinach Curry adheres to the vegan dietary restriction. All ingredients listed, including chickpeas, spinach, onion, garlic, diced tomatoes, olive oil, and various spices, are plant-based and do not contain any animal products. The preparation method involves cooking the ingredients together without the use of any animal-derived products. Additionally, the optional garnishes and serving suggestions (rice or bread) do not include any non-vegan items. Therefore, the recipe is suitable for someone following a vegan diet."
Paleo spaghetti and meatballs,paleo,PASS,"The recipe for Paleo Spaghetti and Meatballs adheres to the paleo dietary restriction. All ingredients listed are compliant with paleo guidelines: ground beef (or turkey), onion, garlic, parsley, oregano, sea salt, black pepper, egg, and almond flour (or coconut flour) for the meatballs; olive oil, onion, garlic, crushed tomatoes (with no added sugars), basil, and oregano for the sauce; and zucchini for the 'spaghetti.' There are no grains, legumes, dairy, refined sugars, or processed foods included in the recipe. The preparation methods also comply with paleo standards, as all cooking techniques used (sautéing, simmering) are acceptable. Therefore, the recipe is suitable for someone following a paleo diet."
I want something light but filling,low-carb,FAIL,"The recipe for Chickpea and Spinach Salad with Lemon-Tahini Dressing does not adhere to the low-carb dietary restriction. Chickpeas are a legume that is relatively high in carbohydrates, with approximately 30g of net carbs per 1 cup serving. This amount exceeds the typical low-carb guideline of keeping total daily carbohydrates under 50g. Additionally, the inclusion of honey or maple syrup in the dressing adds more carbohydrates, further violating the low-carb requirement. Therefore, the recipe fails to meet the low-carb dietary restriction."
Paleo lunch that doesn't involve any nuts. but i can eat almonds - I'm allergic,paleo,FAIL,"The recipe for Paleo Almond-Crusted Chicken Salad includes sliced almonds as a primary ingredient. While the user mentioned they can eat almonds, they also stated they are allergic to other nuts. However, the inclusion of almonds still violates the paleo dietary restriction, which typically excludes all nuts unless specified otherwise. The recipe does not provide an alternative to almonds, and the use of nuts in any form contradicts the user's request for a nut-free paleo meal. Therefore, the recipe does not adhere to the specified dietary restriction."
I want to make a birthday cake but I'm diabetic. Something that still tastes good?,diabetic-friendly,PASS,"The recipe for Almond Flour Chocolate Mug Cake adheres to the diabetic-friendly dietary restriction. The ingredients used, such as almond flour, unsweetened cocoa powder, erythritol (a sugar substitute), eggs, unsweetened almond milk, vanilla extract, and olive oil or melted butter, are all suitable for a diabetic-friendly diet. The use of erythritol as a sweetener is appropriate as it has a low glycemic index and does not spike blood sugar levels. The preparation method involves microwaving, which does not introduce any non-compliant elements. The optional toppings, such as sugar-free chocolate chips or chopped nuts, also align with diabetic-friendly guidelines. Therefore, the recipe is suitable for someone following a diabetic-friendly diet."
Whole30 comfort food that actually comforts,whole30,FAIL,"The recipe for Sweet Potato and Turkey Hash includes ground turkey as a primary ingredient. The Whole30 dietary restriction prohibits all forms of added sugar, grains, legumes, dairy, and processed foods, but it also excludes any non-compliant ingredients. While sweet potatoes, onion, garlic, red bell pepper, and the spices used are compliant, the inclusion of ground turkey violates the Whole30 restriction, as it is a form of meat that is not allowed in the context of Whole30. Therefore, the recipe does not adhere to the Whole30 guidelines."
Vegetarian pizza but I don't like mushrooms or bell peppers,vegetarian,PASS,"The recipe provided is for a Vegetarian Margherita Pizza, which adheres to the vegetarian dietary restriction. The ingredients listed include pre-made pizza dough, tomato sauce, fresh mozzarella cheese, zucchini, red onion, cherry tomatoes, basil, olive oil, salt, black pepper, and optional dried oregano or Italian herbs. All these ingredients are suitable for a vegetarian diet as they do not contain any meat or fish. The preparation method involves baking, which does not introduce any non-vegetarian elements. The recipe also respects the query by excluding mushrooms and bell peppers, which the user dislikes. Therefore, the recipe is compliant with the vegetarian dietary restriction."
Low-carb pizza recipe - I miss pizza so much,low-carb,PASS,"The recipe for Cauliflower Crust Low-Carb Pizza adheres to the low-carb dietary restriction. The primary ingredient, cauliflower, is low in carbohydrates and serves as a substitute for traditional pizza crust. The use of egg and cheese (mozzarella and Parmesan) adds protein and fat while keeping the carb count low. The sugar-free marinara sauce is appropriate for a low-carb diet, as it avoids added sugars. The optional toppings, such as sliced peppers, mushrooms, and pepperoni, can vary in carb content, but the recipe does not mandate any high-carb ingredients. Overall, all ingredients and preparation methods comply with the low-carb dietary restriction, making this recipe suitable for someone following a low-carb diet."
Sugar-free dessert that doesn't taste like sadness,sugar-free,PASS,"The recipe for Creamy Coconut Chia Pudding with Fresh Fruits adheres to the sugar-free dietary restriction. The ingredients listed include unsweetened coconut milk, chia seeds, vanilla extract, and liquid stevia or monk fruit sweetener, both of which are suitable sugar substitutes. Fresh berries and tropical fruits are naturally low in sugar and do not contain added sugars. The recipe does not include any ingredients that would violate the sugar-free requirement, and the preparation method does not introduce any non-compliant elements. Therefore, the recipe is suitable for someone following a sugar-free diet."
Paleo lunch that doesn't involve any nuts. but i can eat almonds - I'm allergic,paleo,FAIL,"The recipe for Grilled Lemon Herb Chicken Salad adheres to the paleo dietary restriction, as it includes only compliant ingredients such as chicken, lemon, olive oil, garlic, oregano, mixed greens, cucumber, avocado, and cherry tomatoes. However, the inclusion of almonds as an optional ingredient poses a problem. Although the recipe suggests omitting them for a nut-free version, the fact that they are mentioned as an ingredient creates ambiguity regarding adherence to the paleo restriction, especially since the user specified an allergy to nuts. This could lead to potential cross-contamination or misunderstanding. Therefore, the recipe does not fully comply with the paleo dietary restriction due to the mention of almonds, which could be interpreted as a violation."
Raw vegan dessert for a potluck that won't weird people out,raw vegan,PASS,"The recipe for Raw Vegan Chocolate Avocado Mousse adheres to the raw vegan dietary restriction. All ingredients listed—ripe avocados, raw cacao powder, maple syrup (or agave nectar), vanilla extract, and sea salt—are compliant with a raw vegan diet. The preparation method involves blending the ingredients without cooking, which is appropriate for raw vegan standards. The optional garnish of fresh berries or mint leaves does not violate the dietary restriction either. Therefore, the recipe is suitable for someone following a raw vegan diet."
I avoid processed foods but I'm lazy,paleo,FAIL,"The recipe for Garlic Lemon Chickpea Salad includes canned chickpeas as a primary ingredient. Chickpeas are legumes, which are not compliant with the paleo dietary restriction that excludes all legumes, grains, dairy, refined sugar, and processed foods. While the recipe attempts to present a fresh and wholesome dish, the use of canned chickpeas, which are considered processed, further violates the paleo guideline of avoiding processed foods. Therefore, the recipe does not adhere to the paleo dietary restriction."
Low-carb pizza recipe - I miss pizza so much,low-carb,PASS,"The recipe for Cauliflower Crust Pizza adheres to the low-carb dietary restriction. The primary ingredient, cauliflower, is very low in carbohydrates, making it an excellent base for a low-carb pizza. The other ingredients, including egg, mozzarella cheese, Parmesan cheese, and seasonings, are also low in carbohydrates. The use of sugar-free tomato sauce is appropriate for maintaining low carb content. The optional toppings, such as pepperoni, bell peppers, mushrooms, and olives, can be chosen based on their individual carb content, but they do not inherently violate the low-carb restriction. The preparation method does not introduce any high-carb elements. Therefore, the recipe is suitable for someone following a low-carb diet."
Gluten-free pizza dough that actually tastes good and isn't cardboard,gluten-free,PASS,"The recipe for Gluten-Free Pizza Dough adheres to the gluten-free dietary restriction. The primary ingredient, gluten-free all-purpose flour, is specified to be gluten-free, and the inclusion of xanthan gum is a common practice to mimic the elasticity of gluten. The recipe does not include any wheat, barley, rye, or other gluten-containing grains. All other ingredients, such as baking powder, salt, sugar, olive oil, warm water, and apple cider vinegar, are naturally gluten-free. The preparation method does not introduce any gluten-containing elements. Therefore, the recipe is suitable for someone following a gluten-free diet."
Vegan cheese recipe but it should taste good. i can have cashews but no other nuts. i don't like nutritional yeast,vegan,PASS,"The recipe for Vegan Cashew Cheese adheres to the vegan dietary restriction. All ingredients listed are plant-based and do not contain any animal products. The primary ingredient, raw cashews, is compliant as the user specified they can have cashews but no other nuts. The preparation method involves soaking and blending the cashews with other vegan ingredients such as lemon juice, apple cider vinegar, garlic, and olive oil, which are all suitable for a vegan diet. There are no hidden animal products or non-compliant ingredients in the recipe. Therefore, the recipe is suitable for someone following a vegan diet."
Halal pasta recipe - is that even a thing?,halal,PASS,"The recipe for Halal Chicken and Tomato Basil Pasta includes chicken breasts as a primary ingredient, which is permissible under halal dietary laws as long as the chicken is sourced from a halal-certified supplier. The other ingredients, such as spaghetti, olive oil, garlic, tomatoes, oregano, basil, and optional cheese, do not violate halal restrictions. The preparation methods described do not introduce any non-halal elements. Therefore, the recipe adheres to the halal dietary restriction, assuming the chicken is halal-certified."
Vegan chocolate cake for my birthday but I'm also trying to avoid refined sugar,vegan,PASS,"The recipe for Vegan Avocado Chocolate Cake adheres to the vegan dietary restriction. All ingredients listed are plant-based and do not contain any animal products. The use of coconut sugar as a sweetener is appropriate for a vegan diet, and it is also specified as free from refined sugar, which aligns with the user's request. The preparation methods do not involve any animal products or non-vegan ingredients. Therefore, the recipe is suitable for someone following a vegan diet."
Keto breakfast that I can meal prep for the week,keto,PASS,"The recipe for Keto Breakfast Egg Muffins adheres to the keto dietary restriction. The primary ingredients include eggs, shredded cheddar cheese, cooked bacon bits, chopped spinach, and bell peppers, all of which are low in carbohydrates and high in protein and fat, making them suitable for a keto diet. The use of garlic powder, onion powder, salt, and black pepper as seasonings does not introduce any non-compliant elements. The preparation method involves baking, which is appropriate for this type of dish. There are no ingredients that violate the keto restriction, and the recipe is clear and specific about the ingredients used. Therefore, the recipe is suitable for someone following a keto diet."
I'm vegan but I really want to make something with honey - is there a good substitute? i am craving a yogurt breakfast,vegan,PASS,"The recipe for Vegan Coconut-Almond Yogurt Parfait adheres to the vegan dietary restriction. All ingredients listed are plant-based and do not contain any animal products. The use of maple syrup or agave nectar as a substitute for honey is appropriate for a vegan diet, as both are plant-derived sweeteners. The coconut milk yogurt, granola (assuming it is vegan-friendly), fresh berries, and optional toppings like sliced almonds and shredded coconut are all compliant with vegan standards. The preparation method does not involve any animal products or non-vegan ingredients. Therefore, the recipe is suitable for someone following a vegan diet."
I need a vegan recipe for Thanksgiving dinner that will satisfy my very traditional meat-and-potatoes family who think vegetables are what food eats. They're coming to my house this year and I can't serve turkey but I also can't have them leaving hungry and complaining about rabbit food,vegan,PASS,"The recipe for Vegan Mushroom and Walnut Shepherd’s Pie adheres to the vegan dietary restriction. All ingredients listed, including olive oil, onion, garlic, mushrooms, walnuts, carrot, celery, thyme, soy sauce, vegetable broth, tomato paste, smoked paprika, potatoes, plant-based milk, and vegan butter, are plant-based and do not contain any animal products. The preparation methods also comply with vegan standards, as there is no cooking or ingredient that involves animal-derived products. Therefore, the recipe is suitable for someone following a vegan diet."
I want paleo bread but every recipe I've tried is terrible,paleo,PASS,"The recipe for Paleo Almond Flour Bread adheres to the paleo dietary restriction. All ingredients listed, including almond flour, arrowroot flour, baking soda, sea salt, eggs, coconut oil, honey (optional), and apple cider vinegar, are compliant with paleo guidelines. The preparation method does not introduce any non-paleo elements, and there are no grains, legumes, dairy, refined sugars, or processed foods included. Therefore, the recipe is suitable for someone following a paleo diet."
I want to make a birthday cake but I'm diabetic. Something that still tastes good?,diabetic-friendly,PASS,"The recipe for Low-Carb Almond Flour Vanilla Cake adheres to the diabetic-friendly dietary restriction. The primary ingredients include almond flour, eggs, unsweetened almond milk, erythritol (a low-glycemic sweetener), baking powder, and vanilla extract, all of which are suitable for a diabetic diet. Almond flour is low in carbohydrates compared to traditional flour, and erythritol does not raise blood sugar levels. The optional fresh berries for topping are also low in sugar and can be consumed in moderation. The preparation method does not introduce any high-glycemic ingredients or sugars that would violate the diabetic-friendly restriction. Therefore, the recipe is appropriate for someone managing their blood sugar levels."
Whole30 comfort food that actually comforts,whole30,FAIL,"The recipe for Creamy Cauliflower and Chicken Stew includes chicken breasts as a primary ingredient, which violates the Whole30 dietary restriction. Whole30 prohibits all forms of added sugar, grains, dairy, legumes, and processed foods, but it also excludes certain food groups, including all forms of poultry and meat. Therefore, the inclusion of chicken in the recipe directly contradicts the Whole30 guidelines. Additionally, while the other ingredients such as cauliflower, onion, garlic, carrots, celery, and coconut oil are compliant, the presence of chicken is a clear violation. Thus, the recipe does not adhere to the Whole30 dietary restriction."
Something not too carb-y for dinner,low-carb,PASS,"The recipe for Garlic Herb Chicken with Roasted Vegetables includes several ingredients that are low in carbohydrates, such as chicken breasts, zucchini, bell pepper, cherry tomatoes, and red onion. These ingredients are generally considered low-carb and suitable for a low-carb diet. The preparation method involves marinating and roasting, which does not introduce any high-carb elements. However, the inclusion of cherry tomatoes and red onion, while low in carbs, can contribute to the overall carbohydrate count. The recipe does not specify the total carbohydrate content, but it is implied to be relatively low. Overall, the recipe adheres to the low-carb dietary restriction as it focuses on protein and non-starchy vegetables, making it suitable for someone looking to reduce their carbohydrate intake."
Halal BBQ recipe for summer,halal,PASS,"The recipe for Halal BBQ Chicken Skewers adheres to the halal dietary restriction. The primary ingredient, chicken, is specified to be halal, and the preparation methods do not introduce any non-halal elements. The marinade includes yogurt, olive oil, garlic, and various spices, all of which are halal-compliant. The recipe does not mention any alcohol or non-halal ingredients, and the serving suggestions of fresh flatbread, vegetables, and herbs are also halal. Therefore, the recipe is suitable for someone following a halal diet."
Low-sodium soup recipe - my doctor says I need to cut back,low-sodium,PASS,"The recipe for Low-Sodium Vegetable Soup adheres to the low-sodium dietary restriction. All ingredients listed are either naturally low in sodium or specifically labeled as low-sodium, such as the vegetable broth. The recipe avoids adding any high-sodium ingredients like regular salt or high-sodium sauces. The use of fresh herbs, spices, and lemon juice enhances flavor without increasing sodium content. The preparation method does not introduce any additional sodium, and the instructions focus on using fresh ingredients to maintain a low-sodium profile. Therefore, the recipe is suitable for someone following a low-sodium diet."
Gluten-free birthday cake for my 5-year-old who has celiac but all her friends will be eating regular cake and I don't want her to feel left out,gluten-free,PASS,"The recipe for Gluten-Free Vanilla Funfetti Cake adheres to the gluten-free dietary restriction. The primary ingredient, gluten-free all-purpose flour blend, is specified to be gluten-free, and the recipe includes xanthan gum, which is commonly used in gluten-free baking to provide structure. All other ingredients, such as baking powder, baking soda, salt, unsalted butter, granulated sugar, eggs, vanilla extract, buttermilk (or its substitute), and rainbow sprinkles (noted to be preferably gluten-free), are compliant with a gluten-free diet. The preparation method does not introduce any gluten-containing elements. Therefore, the recipe is suitable for someone with celiac disease or gluten sensitivity."
Low-carb dinner that doesn't require any cooking skills,low-carb,PASS,"The recipe for Mediterranean Cucumber and Feta Salad adheres to the low-carb dietary restriction. The ingredients listed include cucumber, cherry tomatoes, feta cheese, black olives, olive oil, red wine vinegar (or lemon juice), and optional fresh herbs. All these ingredients are low in carbohydrates, making them suitable for a low-carb diet. The preparation method involves no cooking, which aligns with the user's request for a recipe that doesn't require cooking skills. The suggestion to pair the salad with grilled chicken or fish is optional and does not affect the adherence to the low-carb restriction. Therefore, the recipe is appropriate for someone following a low-carb diet."
I'm pescatarian but shellfish makes me sick,pescatarian,PASS,"The recipe for Lemon Garlic Baked Salmon with Roasted Vegetables adheres to the pescatarian dietary restriction. The primary ingredient, salmon, is a fish and is acceptable for a pescatarian diet, which allows fish and seafood but excludes other types of meat. The recipe does not include any shellfish, which the user specified makes them sick, and all other ingredients such as vegetables, olive oil, garlic, and lemon are compliant with a pescatarian diet. The preparation method involves baking, which is appropriate and does not introduce any non-compliant elements. Therefore, the recipe is suitable for someone following a pescatarian diet."
